{"IcoMoonType":"selection","icons":[{"icon":{"paths":["M192 384l-192 192 384 384 640-640-192-192-448 448z"],"attrs":[],"isMulticolor":false,"isMulticolor2":false,"tags":["checkmark","tick"],"grid":16},"attrs":[],"properties":{"id":10,"order":11,"prevSize":32,"code":59648,"name":"checkmark"},"setIdx":0,"setId":0,"iconIdx":0},{"icon":{"paths":["M512 0c-282.752 0-512 229.248-512 512s229.248 512 512 512 512-229.248 512-512-229.248-512-512-512zM432.64 748.256l-235.584-235.616 90.496-90.496 145.056 145.12 307.744-307.744 90.496 90.496-398.208 398.24z"],"attrs":[],"isMulticolor":false,"isMulticolor2":false,"tags":["check-alt","checkmark","tick"],"grid":16},"attrs":[],"properties":{"id":11,"order":14,"prevSize":32,"code":59649,"name":"check-alt"},"setIdx":0,"setId":0,"iconIdx":1},{"icon":{"paths":["M960 780.736l-268.992-268.736 268.992-268.736-179.264-179.264-268.736 268.864-268.864-268.864-179.136 179.264 268.736 268.736-268.736 268.736 179.136 179.264 268.864-268.864 268.736 268.864z"],"attrs":[],"isMulticolor":false,"isMulticolor2":false,"tags":["x","cancel","close"],"grid":16},"attrs":[],"properties":{"id":12,"order":15,"prevSize":32,"code":59650,"name":"x","ligatures":""},"setIdx":0,"setId":0,"iconIdx":2},{"icon":{"paths":["M512 0c-282.752 0-512 229.248-512 512s229.248 512 512 512 512-229.248 512-512-229.248-512-512-512zM765.248 674.752l-90.496 90.496-162.752-162.752-162.752 162.752-90.496-90.496 162.752-162.752-162.752-162.752 90.496-90.496 162.752 162.752 162.752-162.752 90.496 90.496-162.752 162.752 162.752 162.752z"],"attrs":[],"isMulticolor":false,"isMulticolor2":false,"tags":["x-altx-alt","cancel","close"],"grid":16},"attrs":[],"properties":{"id":13,"order":18,"prevSize":32,"code":59651,"name":"x-altx-alt"},"setIdx":0,"setId":0,"iconIdx":3},{"icon":{"paths":["M512 0c-282.752 0-512 229.248-512 512s229.248 512 512 512 512-229.248 512-512-229.248-512-512-512zM512 128c82.88 0 159.136 27.008 221.888 71.744l-534.272 534.016c-44.736-62.752-71.616-139.008-71.616-221.76 0-211.744 172.256-384 384-384zM512 896c-82.88 0-159.136-27.008-221.888-71.744l534.272-534.016c44.736 62.752 71.616 139.008 71.616 221.76 0 211.744-172.256 384-384 384z"],"attrs":[],"isMulticolor":false,"isMulticolor2":false,"tags":["denied","blocked"],"grid":16},"attrs":[],"properties":{"id":14,"order":20,"prevSize":32,"code":59652,"name":"denied"},"setIdx":0,"setId":0,"iconIdx":4},{"icon":{"paths":["M1024 384h-384v-384h-256v384h-384v256h384v384h256v-384h384z"],"attrs":[],"isMulticolor":false,"isMulticolor2":false,"tags":["plus","add"],"grid":16},"attrs":[],"properties":{"id":33,"order":21,"prevSize":32,"code":59653,"name":"plus"},"setIdx":0,"setId":0,"iconIdx":5},{"icon":{"paths":["M512 0c-282.752 0-512 229.248-512 512s229.248 512 512 512 512-229.248 512-512-229.248-512-512-512zM768 576h-192v192h-128v-192h-192v-128h192v-192h128v192h192v128z"],"attrs":[],"isMulticolor":false,"isMulticolor2":false,"tags":["plus-alt","add"],"grid":16},"attrs":[],"properties":{"id":34,"order":24,"prevSize":32,"code":59654,"name":"plus-alt"},"setIdx":0,"setId":0,"iconIdx":6},{"icon":{"paths":["M0 384h1024v256h-1024z"],"attrs":[],"isMulticolor":false,"isMulticolor2":false,"tags":["minus","remove","delete"],"grid":16},"attrs":[],"properties":{"id":35,"order":25,"prevSize":32,"code":59655,"name":"minus"},"setIdx":0,"setId":0,"iconIdx":7},{"icon":{"paths":["M512 0c-282.752 0-512 229.248-512 512s229.248 512 512 512 512-229.248 512-512-229.248-512-512-512zM768 576h-512v-128h512v128z"],"attrs":[],"isMulticolor":false,"isMulticolor2":false,"tags":["minus-alt","remove","delete"],"grid":16},"attrs":[],"properties":{"id":36,"order":26,"prevSize":32,"code":59656,"name":"minus-alt"},"setIdx":0,"setId":0,"iconIdx":8},{"icon":{"paths":["M1024 384h-512l192-192-192-192-512 512 512 512 192-192-192-192h512z"],"attrs":[],"isMulticolor":false,"isMulticolor2":false,"tags":["arrow-left","previous"],"grid":16},"attrs":[],"properties":{"id":73,"order":27,"prevSize":32,"code":59657,"name":"arrow-left"},"setIdx":0,"setId":0,"iconIdx":9},{"icon":{"paths":["M1024 512c0-282.752-229.248-512-512-512-282.784 0-512 229.248-512 512 0 282.784 229.216 512 512 512 282.752 0 512-229.216 512-512zM256 512l256-256v192h256v128h-256v192l-256-256z"],"attrs":[],"isMulticolor":false,"isMulticolor2":false,"tags":["arrow-left-alt1","left","previous"],"grid":16},"attrs":[],"properties":{"id":74,"order":28,"prevSize":32,"code":59658,"name":"arrow-left-alt1"},"setIdx":0,"setId":0,"iconIdx":10},{"icon":{"paths":["M512 1024c282.752 0 512-229.248 512-512s-229.248-512-512-512-512 229.248-512 512 229.248 512 512 512zM320 384v64h512v128h-512v64l-128-128 128-128z"],"attrs":[],"isMulticolor":false,"isMulticolor2":false,"tags":["arrow-left-alt2","left","previous"],"grid":16},"attrs":[],"properties":{"id":75,"order":29,"prevSize":32,"code":59659,"name":"arrow-left-alt2"},"setIdx":0,"setId":0,"iconIdx":11},{"icon":{"paths":["M0 640h512l-192 192 192 192 512-512-512-512-192 192 192 192h-512z"],"attrs":[],"isMulticolor":false,"isMulticolor2":false,"tags":["arrow-right","right","next"],"grid":16},"attrs":[],"properties":{"id":76,"order":30,"prevSize":32,"code":59660,"name":"arrow-right"},"setIdx":0,"setId":0,"iconIdx":12},{"icon":{"paths":["M0 512c0 282.752 229.248 512 512 512 282.784 0 512-229.248 512-512 0-282.784-229.216-512-512-512-282.752 0-512 229.216-512 512zM768 512l-256 256v-192h-256v-128h256v-192l256 256z"],"attrs":[],"isMulticolor":false,"isMulticolor2":false,"tags":["arrow-right-alt1","right","next"],"grid":16},"attrs":[],"properties":{"id":77,"order":31,"prevSize":32,"code":59661,"name":"arrow-right-alt1"},"setIdx":0,"setId":0,"iconIdx":13},{"icon":{"paths":["M512 0c-282.752 0-512 229.248-512 512s229.248 512 512 512 512-229.248 512-512-229.248-512-512-512zM704 640v-64h-512v-128h512v-64l128 128-128 128z"],"attrs":[],"isMulticolor":false,"isMulticolor2":false,"tags":["arrow-right-alt2","right","next"],"grid":16},"attrs":[],"properties":{"id":78,"order":32,"prevSize":32,"code":59662,"name":"arrow-right-alt2"},"setIdx":0,"setId":0,"iconIdx":14},{"icon":{"paths":["M640 1024v-512l192 192 192-192-512-512-512 512 192 192 192-192v512z"],"attrs":[],"isMulticolor":false,"isMulticolor2":false,"tags":["arrow-up","upload"],"grid":16},"attrs":[],"properties":{"id":79,"order":33,"prevSize":32,"code":59663,"name":"arrow-up"},"setIdx":0,"setId":0,"iconIdx":15},{"icon":{"paths":["M512 1024c282.752 0 512-229.248 512-512 0-282.784-229.248-512-512-512-282.784 0-512 229.216-512 512 0 282.752 229.216 512 512 512zM512 256l256 256h-192v256h-128v-256h-192l256-256z"],"attrs":[],"isMulticolor":false,"isMulticolor2":false,"tags":["arrow-up-alt1","upload"],"grid":16},"attrs":[],"properties":{"id":80,"order":34,"prevSize":32,"code":59664,"name":"arrow-up-alt1"},"setIdx":0,"setId":0,"iconIdx":16},{"icon":{"paths":["M0 512c0 282.752 229.248 512 512 512s512-229.248 512-512-229.248-512-512-512-512 229.248-512 512zM640 320h-64v512h-128v-512h-64l128-128 128 128z"],"attrs":[],"isMulticolor":false,"isMulticolor2":false,"tags":["arrow-up-alt2","upload"],"grid":16},"attrs":[],"properties":{"id":81,"order":35,"prevSize":32,"code":59665,"name":"arrow-up-alt2"},"setIdx":0,"setId":0,"iconIdx":17},{"icon":{"paths":["M384 0v512l-192-192-192 192 512 512 512-512-192-192-192 192v-512z"],"attrs":[],"isMulticolor":false,"isMulticolor2":false,"tags":["arrow-down","download"],"grid":16},"attrs":[],"properties":{"id":82,"order":12,"prevSize":32,"code":59666,"name":"arrow-down"},"setIdx":0,"setId":0,"iconIdx":18},{"icon":{"paths":["M512 0c-282.752 0-512 229.248-512 512 0 282.784 229.248 512 512 512 282.784 0 512-229.216 512-512 0-282.752-229.216-512-512-512zM512 768l-256-256h192v-256h128v256h192l-256 256z"],"attrs":[],"isMulticolor":false,"isMulticolor2":false,"tags":["arrow-down-alt1","download"],"grid":16},"attrs":[],"properties":{"id":83,"order":13,"prevSize":32,"code":59667,"name":"arrow-down-alt1"},"setIdx":0,"setId":0,"iconIdx":19},{"icon":{"paths":["M1024 512c0-282.752-229.248-512-512-512s-512 229.248-512 512 229.248 512 512 512 512-229.248 512-512zM384 704h64v-512h128v512h64l-128 128-128-128z"],"attrs":[],"isMulticolor":false,"isMulticolor2":false,"tags":["arrow-down-alt2","download"],"grid":16},"attrs":[],"properties":{"id":84,"order":16,"prevSize":32,"code":59668,"name":"arrow-down-alt2"},"setIdx":0,"setId":0,"iconIdx":20},{"icon":{"paths":["M512 0c-282.752 0-512 229.248-512 512s229.248 512 512 512 512-229.248 512-512-229.248-512-512-512zM512.992 637.888c-70.016 0-126.88-56.736-126.88-126.88 0-70.24 56.864-127.008 126.88-127.008 70.272 0 127.008 56.736 127.008 127.008 0 70.112-56.736 126.88-127.008 126.88z"],"attrs":[],"isMulticolor":false,"isMulticolor2":false,"tags":["cd","disk","save"],"grid":16},"attrs":[],"properties":{"id":85,"order":17,"prevSize":32,"code":59669,"name":"cd"},"setIdx":0,"setId":0,"iconIdx":21},{"icon":{"paths":["M1024 1024l-768-512 768-512zM0 128h256v768h-256z"],"attrs":[],"isMulticolor":false,"isMulticolor2":false,"tags":["first"],"grid":16},"attrs":[],"properties":{"id":95,"order":19,"prevSize":32,"code":59670,"name":"first"},"setIdx":0,"setId":0,"iconIdx":22},{"icon":{"paths":["M0 0l768 512-768 512zM768 128h256v768h-256z"],"attrs":[],"isMulticolor":false,"isMulticolor2":false,"tags":["last"],"grid":16},"attrs":[],"properties":{"id":96,"order":22,"prevSize":32,"code":59671,"name":"last"},"setIdx":0,"setId":0,"iconIdx":23},{"icon":{"paths":["M64 512c35.36 0 64 28.64 64 64v256c0 35.36-28.64 64-64 64h-64v128h512v-128h-63.744c-35.264 0-64.256-28.64-64.256-64l-0.128-448h-383.872v128h64zM128 128c0-70.692 57.308-128 128-128s128 57.308 128 128c0 70.692-57.308 128-128 128-70.692 0-128-57.308-128-128z"],"width":512,"attrs":[],"isMulticolor":false,"isMulticolor2":false,"tags":["info"],"grid":16},"attrs":[],"properties":{"id":113,"order":23,"prevSize":32,"code":59672,"name":"info"},"setIdx":0,"setId":0,"iconIdx":24},{"icon":{"paths":["M896 384v-128h-160.128l32-256h-128l-32 256h-255.936l32-256h-128l-32 256h-223.936v128h207.936l-31.936 256h-176v128h160l-32 256h128l32-256h255.936l-32 256h128.064l32-256h224v-128h-208l31.872-256h176.128zM559.936 640h-255.936l31.936-256h255.936l-31.936 256z"],"width":896,"attrs":[],"isMulticolor":false,"isMulticolor2":false,"tags":["hash","number"],"grid":16},"attrs":[],"properties":{"id":116,"order":36,"prevSize":32,"code":59673,"name":"hash"},"setIdx":0,"setId":0,"iconIdx":25}],"height":1024,"metadata":{"name":"formwizard"},"preferences":{"showGlyphs":true,"showCodes":true,"showQuickUse":true,"showQuickUse2":true,"showSVGs":true,"fontPref":{"prefix":"formwizard-","metadata":{"fontFamily":"formwizard","majorVersion":1,"minorVersion":0},"metrics":{"emSize":1024,"baseline":6.25,"whitespace":50},"embed":false,"ie7":true,"noie8":false,"includeMetadata":true,"showSelector":false,"showMetrics":false,"showMetadata":false,"showVersion":false,"postfix":"-ico","autoHost":false},"imagePref":{"prefix":"icon-","png":true,"useClassSelector":true,"color":0,"bgColor":16777215,"name":"icomoon","classSelector":".icon"},"historySize":50,"gridSize":16,"quickUsageToken":{"yii2-formwizard":"MTVhNTUwZGM0NzA1MjA1MDNjMDRmZmU0YmI4OTI2YTIjMSMxNTQzMTA3ODczIyMj"},"showLiga":true}}